app_key,complaint_themes,complaint_count,example_quotes
play:cc.forestapp,bugs_crashes,84,"[""what's wrong with this app? I mean it doesn’t working at all. Everytime i open this app and then i got a notification ( forest is a bug)"", ""Even after resetting the password I keep getting a password error. The app is broken."", ""The \""submit a suggestion\"" link is broken. It seems like it's supposed to go to a Google form, but it seems that the form file was deleted. I figure a 1* rating will get their attention. The suggestion I was going to make was to allow the app to flip to landscape orientation, according to system settings. Currently, it only allows for portrait view, and that kind of missing feature lags behind other apps.""]"
play:cc.forestapp,missing_feature,12,"[""The \""submit a suggestion\"" link is broken. It seems like it's supposed to go to a Google form, but it seems that the form file was deleted. I figure a 1* rating will get their attention. The suggestion I was going to make was to allow the app to flip to landscape orientation, according to system settings. Currently, it only allows for portrait view, and that kind of missing feature lags behind other apps."", ""I wish it was a buckshee application. Candidly, I have no clue why the people were addicted in this application. That Is all, and yeah bob's your uncle!."", ""The \""submit a suggestion\"" link is broken. It seems like it's supposed to go to a Google form, but it seems that the form file was deleted. I figure a 1* rating will get their attention. The suggestion I was going to make was to allow the app to flip to landscape orientation, according to system settings. Currently, it only allows for portrait view, and that kind of missing feature lags behind other apps.""]"
play:cc.forestapp,notifications,6,"[""what's wrong with this app? I mean it doesn’t working at all. Everytime i open this app and then i got a notification ( forest is a bug)"", ""what's wrong with this app? I mean it doesn’t working at all. Everytime i open this app and then i got a notification ( forest is a bug)"", ""what's wrong with this app? I mean it doesn’t working at all. Everytime i open this app and then i got a notification ( forest is a bug)""]"
play:cc.forestapp,onboarding,12,"[""THE LAST UPDATE RUINED EVERYTHING! Before, paying just 5€, you could use many features like \""app allow list\"" which allows you to select app you can use while in a focus session. But now THEY REMOVED THIS. Also the app has gotten much worse with some days NOTHING LOADING. I can't even subscribe to plus BECAUSE IT'S STUCK LOADING"", ""I downloaded it just a while ago. The slowest app there ever is. Even after logging in it does not take me to the main page. Stuck at \""Start Now\"" for the past 10 minutes now."", ""THE LAST UPDATE RUINED EVERYTHING! Before, paying just 5€, you could use many features like \""app allow list\"" which allows you to select app you can use while in a focus session. But now THEY REMOVED THIS. Also the app has gotten much worse with some days NOTHING LOADING. I can't even subscribe to plus BECAUSE IT'S STUCK LOADING""]"
play:cc.forestapp,other,72,
play:cc.forestapp,pricing,48,"[""This app is amazing but if there were some more features added, it could be even better. For example, a watch app to complete the experience. Edit: Goodbye forest. It was good until your purpose became money rather than customer satisfaction. You guys killed the app. Could have added a better pomodoro feature, better bg customization, android watch app... List goes on though you won't listen so there is no purpose in including more in here. Been a long time user, paid for the app etc. but nope."", ""liked the app a lot initially , but unfortunately it doesn't block apps effectively anymore and to top it all off ,they have added a new subscription model even for people who bought the pro version , absolutely ridiculous and greedy developers,they even removed the trees you bought with your coins , now you need forest plus to use them , WOW"", ""You have cancelled the pro version and only left the free version or the plus version. plus version is very expensive""]"
play:cc.forestapp,sync,60,"[""Despite having so many nice features, the latest update breaks them all. Restricted Mode is so annoying that if you turn off Wi-Fi/internet, it automatically turns on, then you spend a lot of time and effort manually re-syncing."", ""Even with good internet connection the app lags too much and doesnot load coins accurately. It is forcing me to uninstall as a lot of features are not working and I have to keep reloading the page for it to work."", ""poor network connection...""]"
play:cc.forestapp,too_easy_to_bypass,18,"[""Even with good internet connection the app lags too much and doesnot load coins accurately. It is forcing me to uninstall as a lot of features are not working and I have to keep reloading the page for it to work."", ""Cute app and motivating. But it's so buggy! Today it's not giving me any credit toward the challenges. I uninstalled and reinstalled, no help (but doing so erased my \""allow lists\""). Then I tried to send a customer service message, but their form is broken."", ""i am having issues with my forest app and can't sync n not respond well try installing n uninstalling but still it is""]"
play:cc.forestapp,too_rigid,12,"[""Despite having so many nice features, the latest update breaks them all. Restricted Mode is so annoying that if you turn off Wi-Fi/internet, it automatically turns on, then you spend a lot of time and effort manually re-syncing."", ""Easy cleared from background no strict mode Not so productive"", ""Despite having so many nice features, the latest update breaks them all. Restricted Mode is so annoying that if you turn off Wi-Fi/internet, it automatically turns on, then you spend a lot of time and effort manually re-syncing.""]"
